PKANCODE,COMMUNE_NL,STREET_NL,HUISNR,LAT,LON
2275,Lille,Hoogland,85,51.2341358125,4.83612817117
2275,Lille,Veenzijde,67,51.2567636838,4.8643172579
2275,Lille,Gierlebaan,4,51.2418882157,4.82365010831
2275,Lille,Heikant,56,51.2296450078,4.82798452585
2275,Lille,Wechelsebaan,103,51.2497172183,4.81676969177
2275,Lille,Pulsebaan,50,51.2599269332,4.7840406854
2275,Lille,Haarlebeek,5,51.2839904513,4.83032583221
2275,Lille,Pimpelmeesweg,13,51.2764403901,4.79575669058
2275,Lille,Heikant,74,51.2292322544,4.82638707063
2275,Lille,Heggelaan,37,51.2229807573,4.83371775485
2275,Lille,Eikenlaan,37,51.2388269374,4.83036302955
2275,Lille,Duinenweg,13,51.2794449074,4.79585938234
2275,Lille,Moereind,34,51.2564997812,4.79495926373
2275,Lille,Nieuwstraat,34A,51.2619512316,4.79206247836
2275,Lille,Zielestraat,29,51.2266915477,4.84585085634
2275,Lille,Schoolstraat,25,51.2680262175,4.86534020466
2275,Lille,Molenpad,61,51.2744070835,4.86881659448
2275,Lille,Mastbosweg,9,51.2759669372,4.79181806392
2275,Lille,Berkenlaan,10,51.2281981644,4.81693277972
2275,Lille,Rodenheide,17,51.2824343767,4.79219954309
2275,Lille,Eekhoornweg,24,51.2749881052,4.79083829098
2275,Lille,Hoogland,67,51.2345749869,4.8383950742
2275,Lille,Gebroeders De Winterstraat,39,51.2620652928,4.79027790399
2275,Lille,Rozenlaan,21,51.2650651158,4.86708072185
2275,Lille,Kloosterstraat,3,51.2661435249,4.86723526326
2275,Lille,De Nefstraat,65,51.2706433679,4.87193034902
2275,Lille,Tielenbaan,10,51.2375538878,4.8266477384
2275,Lille,Bersegembaan,32,51.2716466082,4.78901983043
2275,Lille,Nachtegalenstraat,6,51.2510154528,4.82004335004
2275,Lille,Heide,20,51.2349553884,4.85533440233
2275,Lille,Moereind,127A,51.2519223761,4.78240858771
2275,Lille,Beek,48,51.2348958997,4.83421176959
2275,Lille,Vendelmansweg,75,51.2666795084,4.79721616614
2275,Lille,Wechelsebaan,85,51.2486301912,4.8176835703
2275,Lille,Zittaartse heide,32,51.2267845356,4.81424978674
2275,Lille,Herentalsesteenweg,34,51.2246813299,4.83272798517
2275,Lille,Hoogland,49,51.2354237999,4.83716598886
2275,Lille,Baan,68,51.2343839676,4.83889541196
2275,Lille,Kerkstraat,59,51.2378194368,4.8199610635
2275,Lille,Kloosterstraat,27,51.2648913915,4.86555961317
2275,Lille,Houtzijde,17,51.2476753086,4.82973615404
2275,Lille,De Dijken,37,51.2467568638,4.82881477566
2275,Lille,Hemeldonk,30,51.2736043518,4.8519542664
2275,Lille,Borze,19,51.2392320838,4.83663598951
2275,Lille,Hoeven,1,51.2191200412,4.8417377162
2275,Lille,Zand,6,51.2694409516,4.79977645289
2275,Lille,Wechelsebaan,121,51.2515138349,4.81529611753
2275,Lille,Kabienstraat,57,51.2418416569,4.82128642712
2275,Lille,Turnhoutsebaan,78,51.279662267,4.89074783596
2275,Lille,Balsakker,85,51.2379315089,4.80603414292
2275,Lille,Neerhof,11,51.2328129798,4.82750723492
2275,Lille,Koolmeesweg,21,51.2773330795,4.79347051834
2275,Lille,Borze,37,51.2410412014,4.83767789695
2275,Lille,S. Daneelsstraat,14,51.2719881922,4.86807770472
2275,Lille,Leeuweriksstraat,22,51.2589060462,4.86385402156
2275,Lille,Fazantestraat,34,51.2464032819,4.82677306
2275,Lille,Beukenlaan,12,51.2291090972,4.81737303674
2275,Lille,Beersebaan,73,51.2718443786,4.86613741215
2275,Lille,Schoorstraat,43,51.2800287858,4.86851774945
2275,Lille,Kabienstraat,75,51.2428100971,4.82146840434
2275,Lille,Beulk,19,51.2635971616,4.78383520766
2275,Lille,Molenheidedreef,44,51.2733524809,4.79847475218
2275,Lille,Rechtestraat,73,51.2414083885,4.82297854264
2275,Lille,Heerle,66,51.2186420597,4.87019863277
2275,Lille,Doolstraat,53,51.2599052452,4.86679566966
2275,Lille,Laagland,29,51.2313026809,4.83054052871
2275,Lille,Achterstenhoek,22,51.2502643858,4.81330904483
2275,Lille,Oude Lillebaan,15A,51.2629825641,4.85178032303
2275,Lille,Heikant,9,51.2300586335,4.83233892144
2275,Lille,Tielenbaan,68,51.2366167629,4.83400317865
2275,Lille,Hoogland,11,51.236097166,4.83638554933
2275,Lille,Biezenhoek,7,51.2301151746,4.83650927654
2275,Lille,Zittaartse heide,26,51.2272108709,4.81591174229
2275,Lille,Gebroeders De Winterstraat,64,51.2594850747,4.79586204213
2275,Lille,Middelveld,30,51.2708279816,4.87983075386
2275,Lille,Beersebaan,149,51.2766339481,4.86343527421
2275,Lille,Heggelaan,53,51.221782134,4.83225450495
2275,Lille,Broekzijstraat,143,51.2483040583,4.81496383469
2275,Lille,Oostmalsebaan,12,51.2645477189,4.78448940589
2275,Lille,Oostmalsebaan,65,51.2669348674,4.78055703257
2275,Lille,Dorp,34,51.2286339711,4.8355054479
2275,Lille,Tuinwijk,14,51.2343897632,4.83265667359
2275,Lille,Lozijde,9,51.2725523606,4.87407162184
2275,Lille,Vennestraat,35,51.2659815077,4.86998769404
2275,Lille,Oostmalsebaan,30,51.2658610835,4.78352201809
2275,Lille,Oevelenberg,5,51.2533977037,4.81660675452
2275,Lille,Kauwenberg,15,51.2564710384,4.82363857412
2275,Lille,Dorp,69,51.2305170563,4.83270311779
2275,Lille,Boskapelstraat,52,51.2341894116,4.82198488979
2275,Lille,Karrewiel,12,51.2745497144,4.79395581547
2275,Lille,Groesaard,7,51.2305869599,4.85546512086
2275,Lille,Kapelstraat,7,51.2435621727,4.82371158202
2275,Lille,De Dalen,24,51.2682135972,4.79050800761
2275,Lille,Pulsebaan,142,51.2503728928,4.77405135088
2275,Lille,Doolstraat,9,51.264234698,4.86988119161
2275,Lille,Laagland,3,51.2312776602,4.82803671187
2275,Lille,Heiend,77,51.2343087231,4.81953372242
2275,Lille,Dorp,16,51.227620985,4.83588625085
2275,Lille,Tielenbaan,86,51.2368087677,4.83709344406
2275,Lille,Gebroeders De Winterstraat,82,51.2582189546,4.79901194001
2275,Lille,Veenzijde,55,51.2583301789,4.86502713537
2275,Lille,Vennestraat,88,51.261692989,4.8727037116
2275,Lille,Achterste Moereind,6,51.2556736211,4.79412117705
2275,Lille,Beersebaan,167,51.2780514526,4.86215753864
2275,Lille,Heymansstraat,5,51.2637198624,4.78709461554
2275,Lille,Karrewiel,30,51.2755966626,4.79400952716
2275,Lille,Gustaaf C. De Bruynestraat,16,51.2288848484,4.84216448248
2275,Lille,Gierlebaan,53,51.2452275361,4.82891465321
2275,Lille,Krokuslaan,15,51.2711309959,4.86841139623
2275,Lille,Veenakkers,4,51.2578945535,4.8633441758
2275,Lille,Molenpad,38,51.2729231852,4.86849857212
2275,Lille,Singel,29,51.2676301865,4.868496725
2275,Lille,Gebroeders De Winterstraat,36,51.2613644955,4.79110088142
2275,Lille,Beek,41,51.236515298,4.83511598934
2275,Lille,Boskapelstraat,8,51.2375728673,4.82111633699
2275,Lille,Moereind,117,51.2538470621,4.78430439001
2275,Lille,Meikloklaan,7,51.2734118477,4.8708828469
2275,Lille,Poederleese weg,42,51.23553906,4.82694004935
2275,Lille,Vlimmersebaan,65A,51.2682253609,4.78666576081
2275,Lille,Broekzijstraat,33,51.2315433496,4.80010610075
2275,Lille,Valvekenstraat,24,51.2523254691,4.81989148388
2275,Lille,Vendelmansweg,70,51.2667002562,4.79818604873
2275,Lille,Wijngaard,6,51.2258940891,4.83736499334
2275,Lille,Dennenlaan,7,51.2605743954,4.79580757952
2275,Lille,Hemeldonk,9,51.2718678726,4.85478530963
2275,Lille,Bergske,8,51.2304288751,4.83475851581
2275,Lille,Schoolblok,5A,51.2681066976,4.87037696447
2275,Lille,Beerseheide,7,51.2942033467,4.84612499278
2275,Lille,Schoolstraat,19,51.2675149981,4.864559463
2275,Lille,Baan,90,51.2393313319,4.86050687243
2275,Lille,Visbeekbaan,38,51.2676219112,4.79256298895
2275,Lille,Lozijde,71,51.2764414903,4.87024445226
2275,Lille,Eekhoornweg,3,51.2760633252,4.79087871912
2275,Lille,Oostmalsebaan,83,51.2679333288,4.77959171722
2275,Lille,Wechelsebaan,47,51.2457212035,4.81996221426
2275,Lille,Lage Schoom,3,51.2479407297,4.82186276495
2275,Lille,Tuinwijk,5,51.2346846935,4.83315543832
2275,Lille,Beersebaan,94,51.2756356139,4.86502077734
2275,Lille,Lichtaartsesteenweg,53,51.2236984492,4.83894925763
2275,Lille,Vlimmersebaan,95A,51.2755883952,4.78371770467
2275,Lille,Vendelmansweg,52,51.2658080067,4.79599676241
2275,Lille,Bersegembaan,17,51.2703539483,4.78812177373
2275,Lille,Wagemansstraat,72,51.257024992,4.79497911695
2275,Lille,Kosterstraat,69,51.2702816472,4.8750939573
2275,Lille,Borze,25,51.2400708156,4.8373124242
2275,Lille,Beulk,78,51.262119893,4.77944537937
2275,Lille,De Nefstraat,29A,51.269455837,4.86964041282
2275,Lille,Hoeksken,30,51.2414219664,4.82665515408
2275,Lille,De Reukens,3,51.280504559,4.88167269826
2275,Lille,Baan,54,51.2335077895,4.8375329915
2275,Lille,Oude Baan,22,51.2697961319,4.87380324998
2275,Lille,Vijfde Bosdreef,16,51.274481725,4.80664339579
2275,Lille,Heerle,8,51.2194038046,4.86497409366
2275,Lille,Beersebaan,58,51.2723972341,4.86656948163
2275,Lille,De Busseltjes,3,51.2284199499,4.84012260514
2275,Lille,Fazantestraat,19,51.2472911099,4.82727317545
2275,Lille,Vennestraat,17,51.2664654958,4.86899971951
2275,Lille,Tielenbaan,51,51.2373418285,4.83041645621
2275,Lille,Kabienstraat,8,51.2390693956,4.82148270472
2275,Lille,Zittaart,10,51.2201322737,4.81660794148
2275,Lille,Lodewijk Mercelislaan,12,51.2617943269,4.78169083697
2275,Lille,Rode-Kruisstraat,2,51.2393698872,4.82482186307
2275,Lille,Herentalsesteenweg,37,51.2242700687,4.83314845729
2275,Lille,Veldstraat,18,51.2393121741,4.81532093875
2275,Lille,Verbindingsstraat,11,51.2323177252,4.82840547378
2275,Lille,Tulpenlaan,12,51.259877571,4.78933021531
2275,Lille,Moereind,28,51.2570515091,4.79609839945
2275,Lille,Heerle,52,51.2168672425,4.87431279079
2275,Lille,Rechtestraat,58,51.2413604887,4.82344346962
2275,Lille,Tielenbaan,119,51.2360555637,4.84056290164
2275,Lille,De Weverkens,18,51.2549972838,4.76735809361
2275,Lille,De Dijken,34,51.2466003171,4.82942919336
2275,Lille,Veldstraat,36,51.2399484775,4.81522351568
2275,Lille,S. Daneelsstraat,17,51.2730401297,4.86919839807
2275,Lille,Heggekapel,5,51.218123121,4.83253882797
2275,Lille,Pulsebaan,98,51.2567523668,4.77768978747
2275,Lille,Beersebaan,13,51.2692221681,4.86678295228
2275,Lille,Akkerpad,12,51.2690893753,4.78471455875
2275,Lille,Stepke,4,51.2649968955,4.78256113176
2275,Lille,Rechtestraat,13,51.2386854605,4.8238076702
2275,Lille,Zagerijstraat,17,51.2331553952,4.82612898891
2275,Lille,Het Laar,3A,51.281572987,4.86280803844
2275,Lille,Schoolstraat,37,51.2683527294,4.86434258051
2275,Lille,Wechelsebaan,20,51.2429735544,4.82267404758
2275,Lille,Oevelenberg,14,51.258566989,4.82006804897
2275,Lille,Zielestraat,33,51.2271189818,4.84595501578
2275,Lille,Peerdskerkhofstraat,12,51.2396738756,4.82621696608
2275,Lille,Wechelsebaan,73,51.2479901948,4.81823208097
2275,Lille,Puttekensberg,48,51.2654169151,4.80738186234
2275,Lille,Vlimmersebaan,95C,51.2756905462,4.7829109583
2275,Lille,Valvekenstraat,59,51.2542321294,4.82449644973
2275,Lille,Biezenhoek,42,51.2305065797,4.84000228771
2275,Lille,Vlimmersebaan,66,51.2682104545,4.78737271587
2275,Lille,Pulsebaan,1,51.2626658027,4.78587226634
2275,Lille,Den Hert,13,51.2628768079,4.78631670143
2275,Lille,Nachtegalenstraat,20,51.2499741145,4.81974436509
2275,Lille,Beulk,122,51.2583630835,4.77670277479
2275,Lille,Moereind,56,51.2562188856,4.7917102161
2275,Lille,Vlimmersebaan,117,51.2786074833,4.78266679958
2275,Lille,Rozenlaan,70,51.26468433,4.86936496023
2275,Lille,Oude Lillebaan,15,51.260941355,4.85347708888
2275,Lille,Vierde Bosdreef,10,51.2737981731,4.8024228561
2275,Lille,Schrieken,2,51.2242076795,4.83143352152
2275,Lille,Visbeekbaan,84,51.2697363034,4.79881588351
2275,Lille,Beulk,104,51.2599214686,4.77914833859
2275,Lille,Veenzijde,27,51.2626111251,4.86448714064
2275,Lille,Heggelaan,78,51.2212908035,4.83051522519
2275,Lille,Dorp,44,51.229380373,4.83498366339
2275,Lille,Wijngaard,41,51.2272131551,4.84039096962
2275,Lille,Kardinaal Cardijnlaan,50,51.2336030183,4.83982689295
2275,Lille,Pastorijstraat,61,51.2675010233,4.79333759613
2275,Lille,Gebroeders De Winterstraat,89,51.2599179749,4.79613017963
2275,Lille,Schoolstraat,65,51.2693000993,4.86124812503
2275,Lille,Molenstraat,17,51.2692040729,4.86533701848
2275,Lille,Valvekenstraat,87,51.2519179975,4.82947053118
2275,Lille,Boskant,76,51.2457808159,4.81752704524
2275,Lille,Laagland,22,51.2310100954,4.82989881662
2275,Lille,Hazenpad,11,51.2909225662,4.84004189166
2275,Lille,Boskant,114,51.2493110497,4.81588682315
2275,Lille,Vlimmersebaan,31,51.2656259171,4.7870239357
2275,Lille,Lozijde,25,51.2735897242,4.87331137593
2275,Lille,Achterstenhoek,29,51.2514223851,4.80982718192
2275,Lille,Laakakker,24,51.2274505073,4.84262245346
2275,Lille,Kloosterstraat,58,51.2656928063,4.86218949396
2275,Lille,Visbeekbaan,66,51.2686092688,4.79571300998
2275,Lille,Biezenhoek,60,51.2299995679,4.84298068518
2275,Lille,Wechelsebaan,142,51.2498650426,4.81763146408
2275,Lille,Kloosterstraat,76,51.2642065606,4.86300913037
2275,Lille,Oevelenberg,20A,51.2595830375,4.82070349842
2275,Lille,Veldstraat,46,51.2406956721,4.81686584177
2275,Lille,Boonhof,7,51.2596905801,4.78601863492
2275,Lille,Hoogland,18,51.235205448,4.8366723991
2275,Lille,Moereind,74,51.256100695,4.78961936566
2275,Lille,Lindelostraat,1,51.2355179523,4.8242174095
2275,Lille,Sept,27,51.2695461573,4.78269417781
2275,Lille,Broekzijstraat,96,51.2450206256,4.80586389808
2275,Lille,Vondelweg,11,51.2634482584,4.8664877558
2275,Lille,Rozenlaan,52,51.2650152903,4.8685564585
2275,Lille,Puttekensberg,15,51.2671352759,4.80579092689
2275,Lille,Peerdskerkhofstraat,30,51.2398040596,4.82857005721
2275,Lille,Gebroeders De Winterstraat,11,51.2628190938,4.78781701552
2275,Lille,Pastorijstraat,2,51.2641420595,4.78828237964
2275,Lille,Eendendreef,9,51.2645481041,4.81152547357
2275,Lille,Rode-Kruisstraat,9,51.2389021219,4.82617100477
2275,Lille,Brulens,8,51.2638750247,4.85833335227
2275,Lille,Oostmalsebaan,37,51.2651814216,4.78310118646
2275,Lille,Heiend,10A,51.2353869821,4.82321615889
2275,Lille,Middelveld,19,51.2663183776,4.87791934001
2275,Lille,P.Damiaanstraat,13,51.2360789663,4.83137542064
2275,Lille,Poederleese weg,32,51.2362312721,4.82596405863
2275,Lille,Molenpad,66,51.2754327674,4.86879108059
2275,Lille,Hoeksken,19,51.2413468448,4.82520968719
2275,Lille,Heiend,32,51.234764562,4.82023126222
2275,Lille,Molenpad,31,51.2720255309,4.86898314517
2275,Lille,Singel,22,51.2680531918,4.86791997892
2275,Lille,Boskapelstraat,1,51.2380361006,4.82126588922
2275,Lille,Vlinderweg,17,51.2746847585,4.79164016907
2275,Lille,Dorp,80,51.2298270825,4.83462450349
2275,Lille,Kaulildijk,1,51.2709580807,4.78618522775
2275,Lille,Derde Bosdreef,20,51.273943739,4.80140521984
2275,Lille,Puttekensberg,33,51.2668156142,4.80906909546
2275,Lille,Kouter,24,51.2242618457,4.83546189984
2275,Lille,Lange weg,29,51.2609963905,4.78072334933
2275,Lille,Beulkbeemden,12,51.2633792701,4.77475968533
2275,Lille,Lilsesteenweg,11,51.2316157323,4.83132619336
2275,Lille,Beersebaan,114,51.2765017383,4.8641413739
2275,Lille,Herentalsesteenweg,12,51.2257877189,4.83407847236
2275,Lille,Balsakker,54,51.2379486978,4.81080889706
2275,Lille,Poederleese weg,14,51.2372163733,4.82518392441
2275,Lille,Boelaart,21,51.2688796274,4.81058293361
2275,Lille,Hemeldonk,2,51.2719174493,4.85788897376
2275,Lille,Heiend,60,51.2336784246,4.81661086368
2275,Lille,Beek,58,51.2340025903,4.8338317245
2275,Lille,Balsakker,18,51.2388482572,4.81826449349
2275,Lille,Kapelstraat,32,51.244861658,4.82459184811
2275,Lille,Hemeldonk,43,51.278257605,4.84843042061
2275,Lille,Pulsebaan,55,51.2595406856,4.78450538991
2275,Lille,Moereind,100,51.2559019289,4.78572509269
2275,Lille,Molenpad,84,51.2763252876,4.86860621023
2275,Lille,Bergpad,38,51.2680094518,4.78643944425
2275,Lille,Beulk,6,51.2636122071,4.78494952378
2275,Lille,Vendelmansweg,24,51.2650083641,4.79170977805
2275,Lille,Doolstraat,25,51.2620722503,4.86956521213
2275,Lille,Dr.Tricotstraat,4,51.2281443708,4.83937653877
2275,Lille,Balsakker,4,51.2388169248,4.81988124064
2275,Lille,Schoolblok,6,51.2674518466,4.87140294501
2275,Lille,Boskant,94,51.2472294189,4.8165499605
2275,Lille,Kauwenberg,9,51.2560986633,4.82319073453
2275,Lille,Vlinderweg,3,51.2752065797,4.79273057128
2275,Lille,Beulk,53,51.2631403392,4.78112385539
2275,Lille,Broekzijstraat,48,51.2393722875,4.80564144596
2275,Lille,Houtzijde,119,51.2602485229,4.82968941846
2275,Lille,Derde Bosdreef,8,51.2726485435,4.80313791998
2275,Lille,De Dalen,52,51.2690566053,4.78826352995
2275,Lille,Doolstraat,2,51.2651933235,4.86985784975
2275,Lille,Rozenlaan,34,51.2646132069,4.86781931056
2275,Lille,Heerle,24,51.2156674503,4.86411162599
2275,Lille,Kerkstraat,66,51.2379962085,4.81850841752
2275,Lille,Neerhof,13,51.2327056107,4.82765793877
2275,Lille,Schoolstraat,30,51.2688242363,4.86456295904
2275,Lille,Kerkstraat,26,51.2384869316,4.82188369654
2275,Lille,Achter Puttekensberg,5,51.2712772666,4.80638180751
2275,Lille,Kosterstraat,62,51.2704344601,4.8757207879
2275,Lille,Heikant,78,51.2291236712,4.82610913019
2275,Lille,Eigenaarsstraat,16,51.2695546848,4.86879709544
2275,Lille,Beulk,71,51.2624697304,4.7801659284
2275,Lille,Tielenbaan,23,51.2377903823,4.8271556599
2275,Lille,Bersegembaan,10,51.2701086254,4.78878842172
2275,Lille,Lozijde,2,51.2723790856,4.87501189948
2275,Lille,Rozenlaan,16,51.265412088,4.86765151262
2275,Lille,Wechelsebaan,106,51.2472614614,4.81961037346
2275,Lille,Eikenlaan,6,51.2416846967,4.82711941401
2275,Lille,Berkenlaan,23,51.228112233,4.8142015087
2275,Lille,Beek,76,51.2330717345,4.8338557828
2275,Lille,Visbeekbaan,31,51.2689234973,4.79229244101
2275,Lille,De Dijken,44,51.2473056548,4.82970241634
2275,Lille,Moereind,21,51.2568760565,4.7971652572
2275,Lille,Kerkstraat,84,51.2374373098,4.81659105099
2275,Lille,Akkerstraat,56,51.2480050163,4.82386859644
2275,Lille,Boonhof,67,51.2591041166,4.7870271711
2275,Lille,Bergske,1,51.2300381853,4.83461129774
2275,Lille,Herentalsesteenweg,30,51.2248883771,4.83306057705
2275,Lille,Veldstraat,11,51.2392454325,4.81704160615
2275,Lille,Beukenlaan,16,51.2290336761,4.81640397304
2275,Lille,Wechelsebaan,27,51.2436903164,4.82109876231
2275,Lille,Herentalsesteenweg,83,51.2216969977,4.83005505736
2275,Lille,Neerzand,7,51.2176768985,4.82776285966
2275,Lille,Brulens,20,51.2651959347,4.85951062357
2275,Lille,Beersebaan,41,51.270066508,4.86664111168
2275,Lille,Turnhoutsebaan,74,51.2781835085,4.88755930552
2275,Lille,Sneeuwkloklaan,4,51.2743305412,4.8703985229
2275,Lille,Gierlebaan,6,51.2419770889,4.82381938054
2275,Lille,Zielestraat,9,51.2237229255,4.84242805586
2275,Lille,Fazantestraat,30,51.2461004792,4.82646675447
2275,Lille,Turnhoutsebaan,21,51.2735505792,4.88016174001
2275,Lille,Wagemansstraat,26,51.2601685091,4.79119903881
2275,Lille,Peerdskerkhofstraat,19,51.2399849869,4.82706973828
2275,Lille,Meikloklaan,32,51.2754539849,4.87038112019
2275,Lille,Tielenbaan,102,51.2359870402,4.83980506054
2275,Lille,Broekzijstraat,43,51.2344360892,4.80456895945
2275,Lille,Rolleken,10,51.2634055795,4.83483115183
2275,Lille,Akkerpad,19,51.2685579128,4.78378893463
2275,Lille,Rechtestraat,41,51.239910779,4.82322210373
2275,Lille,Schoorstraat,38,51.279760503,4.87713538467
2275,Lille,Het Ven,10,51.2615782125,4.86665871485
2275,Lille,Eekhoornweg,22,51.2751323137,4.79085350036
2275,Lille,S. Daneelsstraat,10,51.2717922805,4.86768613265
2275,Lille,Moleneind,16,51.2338362542,4.82390100068
2275,Lille,Zagerijstraat,45,51.232676886,4.81865473643
2275,Lille,Hoeksken,37,51.2422488517,4.82636786671
2275,Lille,Nachtegalenstraat,27,51.2500169638,4.8203627958
2275,Lille,Bremstraat,16,51.2702391716,4.7922036938
2275,Lille,Vennestraat,63,51.2642893423,4.87195560473
2275,Lille,Valvekenstraat,52,51.2534616673,4.82402324362
2275,Lille,Steenrijen,3,51.2457960726,4.83841136912
2275,Lille,Kerkepad,24,51.2659162352,4.78422325998
2275,Lille,Wagemansstraat,79,51.2566052444,4.79656758058
2275,Lille,Elskoten,5,51.2326350587,4.84034124847
2275,Lille,Lichtaartsesteenweg,78,51.2199971198,4.84275285063
2275,Lille,Kosterstraat,44,51.2671268253,4.8764292126
2275,Lille,Vennestraat,10,51.2664392494,4.8684260468
2275,Lille,Dalenbergstraat,5,51.2668423611,4.79431058966
2275,Lille,Pastorijstraat,25,51.2663774647,4.79042946084
2275,Lille,Houtakkerstraat,23,51.2709020508,4.8648287009
2275,Lille,Kan. J. Peetersstraat,15,51.2682097207,4.87202251674
2275,Lille,Beukenlaan,34,51.2283938058,4.81158297357
2275,Lille,Heikant,104,51.2284569041,4.82371211505
2275,Lille,Lichtaartsesteenweg,25,51.2252187677,4.83709608993
2275,Lille,Zittaart,17,51.2187223495,4.8199073798
2275,Lille,Pulsebaan,47,51.2600290198,4.78478767032
2275,Lille,De Nefstraat,2,51.26825354,4.86787828479
2275,Lille,Rooien,7,51.2786665712,4.88599426139
2275,Lille,Nieuwstraat,23,51.262511272,4.79259621606
2275,Lille,Moereind,92,51.2559194254,4.78697976861
2275,Lille,Heerle,59,51.2176056082,4.87036222862
2275,Lille,Zittaart,3,51.2227354993,4.81094270066
2275,Lille,Karredongen,2,51.2628004095,4.82496807451
2275,Lille,Moleneind,34,51.2322821893,4.82572697595
2275,Lille,Zand,4,51.269623242,4.79965147861
2275,Lille,Baan,26,51.2320244121,4.83499038961
2275,Lille,Kabienstraat,59,51.2419869054,4.82126435477
2275,Lille,Vondelweg,4,51.2634248464,4.8680107167
2275,Lille,Kauwenberg,23,51.2578528746,4.82421004133
2275,Lille,Beersebaan,71,51.2714877674,4.86621126256
2275,Lille,Valvekenstraat,60,51.2542042482,4.82557146285
2275,Lille,Leeuweriksstraat,11,51.2596290687,4.86434921273
2275,Lille,De Nefstraat,94,51.2707079068,4.8733425887
2275,Lille,Neerzand,5,51.2177808897,4.82808806515
2275,Lille,Schoorstraat,54,51.2803158905,4.86798210014
2275,Lille,Veenzijde,62A,51.2577184524,4.86409937517
2275,Lille,Heikant,112,51.2282565731,4.82281871178
2275,Lille,Baan,9,51.2317586775,4.83369949364
2275,Lille,Varendreef,4,51.2734440837,4.80774073526
2275,Lille,Rechtestraat,71,51.2413144598,4.82300168311
2275,Lille,Molenheidedreef,3,51.2706457242,4.79931548562
2275,Lille,Wechelsebaan,8,51.2424020459,4.8231237104
2275,Lille,Balsakker,21,51.2384569458,4.81837011045
2275,Lille,Slaaplaken,9,51.2272808181,4.83455407069
2275,Lille,Lichtaartsesteenweg,58,51.2217475557,4.84001296885
2275,Lille,Borgstraat,32,51.256270233,4.78814878361
2275,Lille,Valvekenstraat,42,51.2534050654,4.82312947417
2275,Lille,Neerhof,9,51.2329123998,4.82734342337
2275,Lille,Hemeldonk,23,51.2729979632,4.85240164113
2275,Lille,Kan. J. Peetersstraat,20,51.2678766928,4.87293103689
2275,Lille,Beulkbeemden,3,51.2650199667,4.77638967138
2275,Lille,Kerkstraat,79,51.2368931425,4.81775205248
2275,Lille,Turnhoutsebaan,48,51.2749688384,4.88236441595
2275,Lille,Hazenpad,4,51.290885907,4.83868355752
2275,Lille,Krokuslaan,23,51.2708108368,4.86804787058
2275,Lille,Violetlaan,10,51.272261083,4.87267334741
2275,Lille,Visbeekbaan,26,51.2673549799,4.79089924941
2275,Lille,Messemakersstraat,38,51.2568694887,4.86264010912
2275,Lille,Oude Baan,6,51.2688393217,4.87205254071
2275,Lille,Rolleken,1,51.260613634,4.82950465264
2275,Lille,Heikant,94,51.2287263993,4.8244763577
2275,Lille,Singel,17,51.2682762386,4.86712142833
2275,Lille,Valvekenstraat,3,51.2517174045,4.81693877177
2275,Lille,Kastanjelaan,8,51.2273098387,4.81041811616
2275,Lille,Zand,56,51.2637152024,4.80144201755
2275,Lille,Dalenbergstraat,7,51.26664406,4.79431550901
2275,Lille,De Nefstraat,58,51.2696125691,4.87087521785
2275,Lille,Laakakker,7,51.2291241292,4.84468984177
2275,Lille,Moereindpad,6,51.2581449651,4.79219959443
2275,Lille,Rooien,5,51.2784511984,4.88599673867
2275,Lille,Pater A. Verlindenstraat,2,51.2718188094,4.8701471798
2275,Lille,Hoeksken,20,51.2406460797,4.82558758175
2275,Lille,Beulk,41,51.2634334386,4.78128161106
2275,Lille,Zagerijstraat,1,51.234403702,4.82819441399
2275,Lille,Wechelsebaan,65,51.2466925953,4.81915917732
2275,Lille,Pulsebaan,37,51.260774676,4.78520162158
2275,Lille,Gebroeders De Winterstraat,4,51.2626964802,4.7871864109
2275,Lille,Beersebaan,155,51.277005326,4.86286025865
2275,Lille,Azalealaan,17,51.2592524595,4.79048133023
2275,Lille,De Dalen,14,51.2667356624,4.79009873255
2275,Lille,Boonhof,16,51.2596057888,4.78673930126
2275,Lille,Wagemansstraat,31,51.2602027685,4.79197379122
2275,Lille,Gebroeders De Winterstraat,28,51.2615466697,4.79050270612
2275,Lille,Oude Lillebaan,3A,51.2618655305,4.85821292364
2275,Lille,P.Damiaanstraat,9,51.236003218,4.83079506718
2275,Lille,Haarlebeek,3,51.2812967855,4.83153179756
2275,Lille,Kosterstraat,50,51.2693991929,4.87517118195
2275,Lille,Akkerstraat,48,51.2473463351,4.82347360679
2275,Lille,Bersegembaan,40,51.2749523378,4.79000524285
2275,Lille,Waterlaat,2,51.2628907197,4.87170724051
2275,Lille,Bersegembaan,1,51.269062573,4.78767082169
2275,Lille,Hoogland,21,51.236039237,4.83709958932
2275,Lille,De Dalen,32,51.2693067759,4.79153523781
2275,Lille,Pastorijstraat,94,51.267590681,4.79802749469
2275,Lille,Tielenbaan,96,51.2363577094,4.83872634745
2275,Lille,Pimpelmeesweg,15,51.2766529042,4.79549954409
2275,Lille,Lilsesteenweg,4,51.2311673616,4.83252376863
2275,Lille,Molenstraat,22,51.2694179021,4.86580870335
2275,Lille,Beek,25,51.2351109542,4.83207339066
2275,Lille,Baan,31,51.2330237678,4.8360335352
2275,Lille,Beersebaan,53,51.2707309216,4.8663872944
2275,Lille,Tuinwijk,24,51.2343696875,4.83316775841
2275,Lille,Vendelmansweg,77,51.2667979963,4.79750767869
2275,Lille,Molenpad,54,51.2741533481,4.86915477631
2275,Lille,Sept,30,51.2695567168,4.78375815959
2275,Lille,Nachtegalenstraat,8,51.2509445047,4.82002747972
2275,Lille,Baan,66,51.2343465486,4.83878922623
2275,Lille,Blasvenpad,5,51.2652583211,4.79551218302
2275,Lille,Violetlaan,6,51.2725047473,4.87240186466
2275,Lille,Vlimmersebaan,72,51.268605682,4.78749691695
2275,Lille,Veenzijde,12,51.2635623755,4.86401446775
2275,Lille,Heiend,87,51.2337902549,4.81828694403
2275,Lille,Zagerijstraat,40,51.2330683789,4.82294039011
2275,Lille,Rechtestraat,53,51.2400533297,4.82334062878
2275,Lille,De Dijken,39,51.247098643,4.82901278549
2275,Lille,De Nefstraat,76,51.2701784538,4.87202261181
2275,Lille,Laagland,17,51.2317904789,4.82946129249
2275,Lille,Lindenlaan,26,51.2639967877,4.79045930846
2275,Lille,Kloosterstraat,120,51.2605609328,4.85702176214
2275,Lille,Turnhoutsebaan,36,51.2733992346,4.88121560561
2275,Lille,Wechelsebaan,12,51.242549273,4.82305469259
2275,Lille,Poederleese weg,87,51.2336773834,4.8300049915
2275,Lille,Veldstraat,4,51.2400477081,4.81769012871
2275,Lille,Nachtegalenstraat,30,51.2492274777,4.81968843223
2275,Lille,Heiend,70,51.2333470318,4.81539699876
2275,Lille,Moereind,107,51.2553840664,4.78530347592
2275,Lille,Tulpenlaan,20,51.2599831147,4.79030816999
2275,Lille,Lindenlaan,9,51.2629590265,4.78969274672
2275,Lille,Valvekenstraat,14,51.2516906772,4.81836637414
2275,Lille,Boskapelstraat,42,51.2353774535,4.82232792074
2275,Lille,Zittaart,22,51.2190193881,4.80732229645
2275,Lille,Beulkbeemden,14,51.262975511,4.77434141047
2275,Lille,Leeuweriksstraat,7,51.2599661942,4.86409938419
2275,Lille,Kloosterstraat,102,51.2629967196,4.86109213695
2275,Lille,Fazantestraat,27,51.2469829006,4.82808159815
2275,Lille,Kapelstraat,52,51.2462724494,4.82532331141
2275,Lille,Doolstraat,58,51.2600043668,4.86611769661
2275,Lille,Wechelsebaan,30,51.2435096073,4.82258562062
2275,Lille,Boskant,120,51.2497572004,4.8159200421
2275,Lille,Kerkstraat,9,51.2381523393,4.8231108571
2275,Lille,Molenheide,13,51.2704749076,4.78939296443
2275,Lille,Kardinaal Cardijnlaan,44,51.2331707997,4.84051504823
2275,Lille,Boskant,5C,51.238936566,4.82004477883
2275,Lille,Broekzijstraat,100,51.2452815195,4.80609348035
2275,Lille,Valvekenstraat,32,51.2524869523,4.82112398969
2275,Lille,Nachtegalenstraat,12,51.2506173635,4.81992333178